{
    "products": {
        "product1": {
            "title": "GloriousMotive ",
            "title2": "Plugin",
            "desc": "GloriousMotive is a core plugin to extend the functionality of our themes.",
            "icon": "assets/img/icon-trp-box.png",
            "buylink": "https://gloriousmotive.com/products/ayush",
            "settingslink": "https://demo.gloriousthemes.com/ayush",
            "cost": "WP Plugin Repo"
        },
        "product2": {
            "title": "Glorious Support & Services",
            "title2": "Plugin",
            "desc": "Get Support and Services for your website.",
            "icon": "assets/img/icon-trp-box.png",
            "buylink": "https://gloriousmotive.com/services",
            "settingslink": "https://gloriousmotive.com/services",
            "cost": "WP Plugin Repo"
        },
        "product3": {
            "title": "GloriousThemes Starter Sites",
            "title2": "Plugin",
            "desc": "Import Prebuilt WordPress Sites for your WordPress Theme that works with Elementor Page Builder.",
            "icon": "assets/img/icon-trp-box.png",
            "buylink": "https://wordpress.org/plugins/glorious-sites-installer",
            "settingslink": "https://wordpress.org/plugins/glorious-sites-installer",
            "cost": "WP Plugin Repo"
        }
    }
}