{
    "products": {
        "product1": {
            "title": "Remove WordPress Malware",
            "title2": "One Time Service",
            "desc": "Remove Malware from your WordPress website",
            "icon": "assets/img/icon-trp-box.png",
            "buylink": "https://gloriousmotive.com/services/remove-wordpress-malware/",
            "settingslink": "https://gloriousmotive.com/services/remove-wordpress-malware/",
            "cost": "Motive"
        },
        "product2": {
            "title": "Increase WordPress Speed",
            "type": "Fix Load Time",
            "desc": "Increase the speed of your WordPress website and reduce the load time",
            "icon": "assets/img/icon-trp-box.png",
            "buylink": "https://gloriousmotive.com/services/increase-wordpress-speed/",
            "settingslink": "https://gloriousmotive.com/services/increase-wordpress-speed/",
            "cost": "Envato"
        }
    }
}