{
    "products": {
        "product1": {
            "title": "Ayush",
            "title2": "( Theme )",
            "desc": "MultiPurpose WordPress Elementor Theme",
            "icon": "assets/img/plugin-envato-market.png",
            "buylink": "https://themeforest.net/user/gloriousmotive/portfolio?ref=gloriousmotive",
            "settingslink": "https://themeforest.net/user/gloriousmotive/portfolio?ref=gloriousmotive",
            "cost": "Envato"
        },
        "product2": {
            "title": "Nihal",
            "title2": "( Free Theme )",
            "desc": "MultiPurpose WordPress Theme",
            "icon": "assets/img/plugin-envato-market.png",
            "buylink": "https://gloriousmotive.com/nihal",
            "settingslink": "https://gloriousmotive.com/nihal",
            "cost": "WP Repo"
        }
    }
}